{
  "data_provider": "yahoo",
  "tickers": null,
  "periods": 520,
  "seed": 42,
  "top_n": 10,
  "rebalance_frequency": "weekly",
  "rows_in_dataset": 26000,
  "backtest_days": 271,
  "total_return": 0.391232343904266,
  "annualized_sharpe": 0.9026570238791246,
  "cost_adjusted_return": 0.391232343904266,
  "cost_adjusted_sharpe": 0.9026570238791246,
  "benchmark_return": 0.12197486292916526,
  "excess_return": 0.2692574809751007
}