{
  "data_provider": "yahoo",
  "tickers": null,
  "periods": 1200,
  "seed": 42,
  "top_n": 10,
  "rebalance_frequency": "weekly",
  "max_sector_weight": 0.2,
  "use_volatility_targeting": false,
  "use_score_weighting": true,
  "universe_file": "configs\\universe_500.csv",
  "requested_tickers_count": 500,
  "downloaded_tickers_count": 500,
  "scored_tickers_count": 499,
  "avg_max_sector_share": 0.17439346388290472,
  "max_sector_share_observed": 0.2021890231078599,
  "avg_sector_hhi": 0.11275099246954863,
  "rows_in_dataset": 594867,
  "backtest_days": 761,
  "total_return": 1.2287823276511092,
  "annualized_sharpe": 1.1674926429566017,
  "cost_adjusted_return": 1.2287823276511092,
  "cost_adjusted_sharpe": 1.1674926429566017,
  "max_drawdown": -0.24818509182571435,
  "benchmark_return": 0.7782818576889723,
  "excess_return": 0.4505004699621369,
  "regime_proxy": "SPY",
  "regime_rule": "SPY close > SPY 200-day moving average",
  "regime_favorable_days": 970,
  "regime_unfavorable_days": 480,
  "regime_favorable_ratio": 0.6689655172413793,
  "regime_latest_favorable": true,
  "regime_latest_spy_close": 681.4797973632812,
  "regime_latest_spy_sma_200": 657.3608486938476
}