{
  "data_provider": "mock",
  "tickers": null,
  "periods": 520,
  "seed": 42,
  "top_n": 10,
  "rebalance_frequency": "daily",
  "rows_in_dataset": 3120,
  "backtest_days": 271,
  "total_return": 0.013547533151716307,
  "annualized_sharpe": 0.3341809737601882,
  "cost_adjusted_return": 0.013547533151716307,
  "cost_adjusted_sharpe": 0.3341809737601882,
  "benchmark_return": 0.0,
  "excess_return": 0.013547533151716307
}