periods,rows_in_dataset,backtest_days,total_return,annualized_sharpe,benchmark_return,excess_return
500,25000,251,0.2820801769858008,0.8042069936710436,0.18119860798734533,0.10088156899845546
800,40000,551,1.2423358006120013,1.2109498241770773,0.4546647048900563,0.787671095721945
1200,60000,951,3.4583866239407186,1.2596299887947422,0.8187002675400707,2.639686356400648
1600,77600,1303,4.735347096322477,1.099524072503852,0.9353970144397434,3.7999500818827334
2000,77600,1303,4.735347096322477,1.099524072503852,0.9353970144397434,3.7999500818827334
